{
  "train_loss": [
    0.4347232036018744,
    0.3440553763233125,
    0.32998047870676966,
    0.30781093745455146,
    0.27619150866353886,
    0.26084702682551,
    0.21753026536433026,
    0.21548506370000542,
    0.1999092442875728,
    0.19426511539034547,
    0.16455041168718598,
    0.18515524567682295,
    0.1636194884778466,
    0.1498243385517504,
    0.12467596864360385,
    0.13747057176856325,
    0.13142302590056787,
    0.13172529976125807,
    0.13495875663110055,
    0.13525278410937172
  ],
  "epoch_times": [
    3.5127968788146973,
    3.618713855743408,
    3.5592503547668457,
    3.8523590564727783,
    3.5902159214019775,
    3.794215202331543,
    3.3368377685546875,
    3.353774070739746,
    3.4747250080108643,
    3.3289339542388916,
    3.441333770751953,
    3.2303528785705566,
    3.1178250312805176,
    3.213380813598633,
    3.150245189666748,
    3.2176620960235596,
    3.30621075630188,
    3.238805055618286,
    3.1786439418792725,
    3.202969789505005
  ],
  "best_loss": 0.12467596864360385,
  "best_epoch": 15
}