{
  "train_loss": [
    0.6638368755256757,
    0.4797596611246001,
    0.4224614690244198,
    0.36972312907166777,
    0.38469227082526775,
    0.3386400177035015,
    0.35325909311687576,
    0.3492016013792716,
    0.32309914724207484,
    0.38524820425193756,
    0.2851866389452014,
    0.2752772409869358,
    0.2668156172499992,
    0.2945373269415926,
    0.2820765869110357,
    0.2747641033980763,
    0.25947273913291286,
    0.21036066024038008,
    0.23341848232955673,
    0.23860429773139769
  ],
  "epoch_times": [
    3.3489012718200684,
    3.2976129055023193,
    3.1941330432891846,
    3.4305269718170166,
    3.224015235900879,
    3.2822089195251465,
    3.3565077781677246,
    3.6079161167144775,
    3.616542100906372,
    3.4711079597473145,
    3.3038830757141113,
    3.1904709339141846,
    3.2728519439697266,
    3.37904691696167,
    3.346737861633301,
    3.409179210662842,
    3.58123517036438,
    3.5261969566345215,
    3.404149055480957,
    3.362913131713867
  ],
  "best_loss": 0.21036066024038008,
  "best_epoch": 18
}