{
  "train_loss": [
    0.4938408472828567,
    0.3553738342358731,
    0.3638314020960592,
    0.3374196607175283,
    0.3171105791905895,
    0.2891968564567156,
    0.2523108662310988,
    0.2177375794415362,
    0.19179007948273794,
    0.18273632837831974,
    0.17645113692763262,
    0.1466344322444871,
    0.1380708584237844,
    0.13378475594648626,
    0.13117554396833292,
    0.11304179719893727,
    0.12864671620964072,
    0.11991754753720016,
    0.11033737948215566,
    0.10207497877399437
  ],
  "epoch_times": [
    2.1418869495391846,
    2.012355089187622,
    2.2283151149749756,
    2.088963031768799,
    2.1187498569488525,
    2.103646993637085,
    1.9857759475708008,
    2.000133991241455,
    2.008620023727417,
    2.0201268196105957,
    1.8880040645599365,
    2.0679259300231934,
    2.2247002124786377,
    2.2193150520324707,
    2.1236929893493652,
    2.0032126903533936,
    1.965597152709961,
    2.2021899223327637,
    2.0870823860168457,
    2.1847751140594482
  ],
  "best_loss": 0.10207497877399437,
  "best_epoch": 20
}