{
  "train_loss": [
    0.32166509050256575,
    0.3029283229029737,
    0.2193317624794785,
    0.21676278959214687,
    0.16186802752763033,
    0.1864066322874278,
    0.14092765853335149,
    0.11509242151817307,
    0.09372335887569934,
    0.07322714996715077,
    0.06877369715477107,
    0.05511493447544053,
    0.044517337217507884,
    0.03892833621811587,
    0.03465055490862578,
    0.02860692062532762,
    0.03205737317197491,
    0.03275448191342875,
    0.03142604448236525,
    0.03262035397759173
  ],
  "epoch_times": [
    0.9864320755004883,
    1.1400010585784912,
    1.0802760124206543,
    1.0822069644927979,
    1.1969020366668701,
    1.0003693103790283,
    1.0940589904785156,
    0.9995021820068359,
    1.0603713989257812,
    1.0456249713897705,
    0.9390301704406738,
    1.0215139389038086,
    0.9889941215515137,
    0.9484021663665771,
    1.0981528759002686,
    0.9418728351593018,
    1.0029048919677734,
    0.9331357479095459,
    1.3102688789367676,
    1.5471220016479492
  ],
  "best_loss": 0.02860692062532762,
  "best_epoch": 16
}