{
  "train_loss": [
    0.48466361824478954,
    0.43498460338944567,
    0.38288283651247623,
    0.37064036776721476,
    0.3662289535054006,
    0.35756675123889,
    0.34485022922675124,
    0.3316856958429329,
    0.3174121961322613,
    0.29185622115563603,
    0.24351426741797477,
    0.19614814835106953,
    0.15288961138771848,
    0.1250072975870222,
    0.10751610247520729,
    0.0948153437753208,
    0.08999306659912691,
    0.08585380100505427,
    0.08670278754457832,
    0.08368750206134282
  ],
  "epoch_times": [
    1.455826997756958,
    1.3682310581207275,
    1.3487486839294434,
    1.259228229522705,
    1.1550209522247314,
    1.1574580669403076,
    1.1771903038024902,
    1.2696669101715088,
    1.0786030292510986,
    1.1229159832000732,
    1.1732878684997559,
    1.188781976699829,
    1.1317460536956787,
    1.1691210269927979,
    1.0814392566680908,
    1.1336288452148438,
    1.0658130645751953,
    1.1543240547180176,
    1.141409158706665,
    1.1021709442138672
  ],
  "best_loss": 0.08368750206134282,
  "best_epoch": 20
}