{
  "train_loss": [
    0.4740159425621852,
    0.33958988529739437,
    0.36672496090345086,
    0.33275674672350286,
    0.2933290900273249,
    0.23164214308066294,
    0.16708456101827324,
    0.13610382925663145,
    0.12456419288152829,
    0.11597311032507569,
    0.10634143455242738,
    0.100479924882669,
    0.09955046007360797,
    0.09996249079806731,
    0.09946846175747924,
    0.09129541454445571,
    0.10062453050739131,
    0.08548216884871945,
    0.09001802166542039,
    0.06768142313901335
  ],
  "epoch_times": [
    1.6329681873321533,
    1.6392569541931152,
    1.6733839511871338,
    1.5343711376190186,
    1.668816089630127,
    1.5590591430664062,
    1.5176398754119873,
    1.5391967296600342,
    1.7333588600158691,
    1.6467008590698242,
    1.6780450344085693,
    1.7504589557647705,
    1.5570971965789795,
    1.621656894683838,
    1.6116628646850586,
    1.568647861480713,
    1.5869882106781006,
    1.4931187629699707,
    1.4857311248779297,
    1.5822350978851318
  ],
  "best_loss": 0.06768142313901335,
  "best_epoch": 20
}