{
  "train_loss": [
    0.4854980657463893,
    0.4530389411223121,
    0.41430416078921406,
    0.3832022065002471,
    0.3700959509365261,
    0.3638196228140965,
    0.3569813945874572,
    0.3495676740304567,
    0.34171526067182423,
    0.3307770135530271,
    0.31196824345448987,
    0.27629202952031046,
    0.24469385344376787,
    0.22733031487693078,
    0.21035962916994466,
    0.19074000270734542,
    0.17059077998581343,
    0.15163607505662366,
    0.13491041966052725,
    0.1176550419767853
  ],
  "epoch_times": [
    0.6198680400848389,
    0.5981190204620361,
    0.6225228309631348,
    0.6088078022003174,
    0.6060280799865723,
    0.5971488952636719,
    0.5825347900390625,
    0.5935928821563721,
    0.6129679679870605,
    0.5660209655761719,
    0.6451020240783691,
    0.6269509792327881,
    0.5838069915771484,
    0.5839018821716309,
    0.5599751472473145,
    0.5753390789031982,
    0.6147089004516602,
    0.5868387222290039,
    0.6418018341064453,
    0.6375322341918945
  ],
  "best_loss": 0.1176550419767853,
  "best_epoch": 20
}