{
  "train_loss": [
    0.49950543567799033,
    0.34873866345267746,
    0.33611571376919747,
    0.3055400138914585,
    0.2849668264412321,
    0.26759572634552603,
    0.24191772734075784,
    0.2057950951658655,
    0.18340496302898973,
    0.16173316169393948,
    0.14223622034864966,
    0.1402474280373659,
    0.1536508661712869,
    0.1283020137623651,
    0.11081803217296256,
    0.09993654055754887,
    0.08920313682144042,
    0.08994680110098562,
    0.12281768824865576,
    0.11986547414701199
  ],
  "epoch_times": [
    3.1232919692993164,
    3.129775285720825,
    3.243037223815918,
    3.1140758991241455,
    3.214946985244751,
    3.0729820728302,
    3.024589776992798,
    3.274909019470215,
    3.391361951828003,
    3.2224531173706055,
    3.3986730575561523,
    3.492370128631592,
    3.3736467361450195,
    3.3424880504608154,
    3.3445749282836914,
    3.146238088607788,
    3.4782629013061523,
    3.3612029552459717,
    3.2951879501342773,
    3.1562459468841553
  ],
  "best_loss": 0.08920313682144042,
  "best_epoch": 17
}