{
  "train_loss": [
    0.5001548135440796,
    0.49556508497595786,
    0.4911883597156033,
    0.48681707038041205,
    0.4823975979922339,
    0.4778973380474374,
    0.4733067215406336,
    0.4686350447158329,
    0.46391339753307403,
    0.45919316235035657,
    0.4545367737906985,
    0.4500033671016805,
    0.4456275056076236,
    0.44140957416677845,
    0.43731015643253923,
    0.4332738705970347,
    0.42925705485548826,
    0.4252369107735343,
    0.42122026228420434,
    0.41723238710928706
  ],
  "epoch_times": [
    1.0508170127868652,
    1.0761818885803223,
    1.1198770999908447,
    0.9830117225646973,
    1.078165054321289,
    1.0817773342132568,
    1.015028953552246,
    0.9409940242767334,
    0.9384200572967529,
    1.0026428699493408,
    0.9704861640930176,
    0.9313769340515137,
    1.0267748832702637,
    0.9622519016265869,
    0.9875409603118896,
    0.9518499374389648,
    0.9675149917602539,
    1.1064913272857666,
    1.0849652290344238,
    1.045867919921875
  ],
  "best_loss": 0.41723238710928706,
  "best_epoch": 20
}