{
  "train_loss": [
    0.49356861715763806,
    0.4714845091640949,
    0.44054451415352525,
    0.3945015632584691,
    0.3659481704376638,
    0.35653849188424647,
    0.34544596819132567,
    0.3352651980251074,
    0.32464985625743864,
    0.3119030402228236,
    0.2946854082070291,
    0.27350921827591956,
    0.24580360906086862,
    0.23625879651233553,
    0.22615501929596066,
    0.21802196127846837,
    0.21310536156520246,
    0.2092542854860425,
    0.2054512190040201,
    0.20171667869407683
  ],
  "epoch_times": [
    0.6827199459075928,
    0.6210010051727295,
    0.6225881576538086,
    0.5593721866607666,
    0.5670220851898193,
    0.5627830028533936,
    0.6743979454040527,
    0.627234935760498,
    0.6235880851745605,
    0.5730311870574951,
    0.5600619316101074,
    0.5763900279998779,
    0.6029560565948486,
    0.6197419166564941,
    0.5619471073150635,
    0.5637686252593994,
    0.56797194480896,
    0.6619431972503662,
    0.670773983001709,
    0.559485912322998
  ],
  "best_loss": 0.20171667869407683,
  "best_epoch": 20
}