{
  "overall": {
    "mse_train": 0.4999678134918213,
    "mse_test": 0.49997520446777344
  },
  "per_frequency": {
    "train": {
      "0": 0.4999571144580841,
      "1": 0.4999760389328003,
      "2": 0.49996864795684814,
      "3": 0.4999694228172302
    },
    "test": {
      "0": 0.49994829297065735,
      "1": 0.49997803568840027,
      "2": 0.4999980330467224,
      "3": 0.49997636675834656
    }
  },
  "generalization": {
    "mse_train": 0.4999678134918213,
    "mse_test": 0.49997520446777344,
    "absolute_difference": 7.3909759521484375e-06,
    "relative_difference": 1.478290323575493e-05,
    "threshold": 0.1,
    "generalizes_well": true
  }
}