{
  "overall": {
    "mse_train": 0.07445089519023895,
    "mse_test": 0.07435283064842224
  },
  "per_frequency": {
    "train": {
      "0": 0.015070866793394089,
      "1": 0.041395027190446854,
      "2": 0.04392295330762863,
      "3": 0.19741474092006683
    },
    "test": {
      "0": 0.015476604923605919,
      "1": 0.04287421330809593,
      "2": 0.04271082952618599,
      "3": 0.19634968042373657
    }
  },
  "generalization": {
    "mse_train": 0.07445089519023895,
    "mse_test": 0.07435283064842224,
    "absolute_difference": 9.806454181671143e-05,
    "relative_difference": 0.0013171707978472114,
    "threshold": 0.1,
    "generalizes_well": true
  }
}