{
  "overall": {
    "mse_train": 0.09927453100681305,
    "mse_test": 0.09940678626298904
  },
  "per_frequency": {
    "train": {
      "0": 0.009826822206377983,
      "1": 0.22255609929561615,
      "2": 0.06364719569683075,
      "3": 0.10106799006462097
    },
    "test": {
      "0": 0.01030232384800911,
      "1": 0.22366417944431305,
      "2": 0.06236359849572182,
      "3": 0.1012970432639122
    }
  },
  "generalization": {
    "mse_train": 0.09927453100681305,
    "mse_test": 0.09940678626298904,
    "absolute_difference": 0.00013225525617599487,
    "relative_difference": 0.0013322173617780209,
    "threshold": 0.1,
    "generalizes_well": true
  }
}